fold,accuracy,macro_f1
1,0.9909113860136329,0.9891545483348787
2,0.993436001009846,0.9893843825725864
3,0.9919212320121181,0.987157589707015
4,0.9919212320121181,0.9899015088839023
5,0.9911616161616161,0.9868578862652843
